{
  "licenseCaps": ["BASE", "MALWARE", "THREAT"],
  "fmcIpforDeviceReg": "DONTRESOLVE",
  "RegistrationId": "cisco",
  "NatId": "cisco",
  "fmcAccessPolicyName": "FTDv-Access-Policy",
  "fmcNatPolicyName": "AWS-Cisco-NGFW-VMs",
  "fmcInsideNicName": "inside",
  "fmcOutsideNicName": "outside",
  "fmcInsideNic": "TenGigabitEthernet0/0",
  "fmcOutsideNic": "TenGigabitEthernet0/1",
  "fmcOutsideZone": "Outside",
  "fmcInsideZone": "Inside",
  "MetadataServerObjectName": "aws-metadata-server",
  "interfaceConfig": [
    {
      "managementOnly": "false",
      "MTU": "1500",
      "securityZone": {
        "name": "Inside"
      },
      "mode": "NONE",
      "ifname": "inside",
      "name": "TenGigabitEthernet0/0"
    },
    {
      "managementOnly": "false",
      "MTU": "1500",
      "securityZone": {
        "name": "Outside"
      },
      "mode": "NONE",
      "ifname": "outside",
      "name": "TenGigabitEthernet0/1"
    }
  ],
  "trafficRoutes": [
    {
      "interface": "outside",
      "network": "any-ipv4",
      "gateway": "",
      "metric": "1"
    }
  ]
}
